Curve,Concentration,Signal,LLOQ,ULOQ,comment
,"0,10,20,26.56,37.19,52.06,72.89,102.04,142.86,200,250","0.0857,0.1435,0.219700,0.277800,0.338800,0.477100,0.641800,0.879900,1.154200,1.588600,1.882500",20,200,Curve for Rituximab PK
