Concentration from MD,Signal,LLOQ,ULOQ
10000,50000,19.53125,10000
5000,27778,,
2500,15432,,
1250,8573,,
625,4763,,
312.5,2646,,
156.25,1470,,
78.125,817,,
39.0625,454,,
19.53125,252,,
9.765625,140,,
4.8828125,78,,
2.44140625,78,,
1.220703125,78,,
0,78,,
